Title,Artist,Album,Spotify ID
Last Time,YUMA,Last Time,3r2FSdNto1jIArfK6WeiIb
Tainted Love,Harrison,Tainted Love,3lAoqK9lSnZ7JePkZ24TMp
My Love (feat. Jess Glynne),Route 94,My Love (feat. Jess Glynne),61UQzeiIluhpzpMdY4ag3q
Infinity (PRETTY YOUNG Remix),Jaymes Young,Infinity (PRETTY YOUNG Remix),6aVXogDmwqAJCrFguyWbKj
Belly Dancer,Imanbek,Belly Dancer,7fZBQnc0zXwVybgCIrQQil
Do It Better (feat. Zoe Wees),Felix Jaehn,Do It Better (feat. Zoe Wees),1kwHrBWAlucOE57lWugotk
Move Your Body,Öwnboss,Move Your Body,6GomT970rCOkKAyyrwJeZi
Love Tonight (Robin Schulz Remix),Shouse,Love Tonight (Robin Schulz Remix),0J07ya7WC09FaQADutoBRZ
Here Comes the Rush,Harrison,Here Comes the Rush,50lE9949QwVbAwLfR1Bzk6
Wasted Love (feat. Lagique),Ofenbach,Wasted Love (feat. Lagique),2pPO9YecZimmuVQfIzfV6U
Lovin' Every Minute,Kilian K,Lovin' Every Minute,4EQGTJJk7wmjzEd21zuyBu
You And I,ZERO SUGAR,You And I,0g9XhPvctgmCvEXhZekpjF
Industry Baby,NILVO,Industry Baby,0ZqWFsHj4g8eulvPaoWwk8
Believe,Blaze U,Believe,1CGr5aoBFeJWDt5LuSciOx
love nwantiti (ah ah ah),NOTSOBAD,love nwantiti (ah ah ah),3A956l7g1LyujJHEraWT46
abcdefu,Kilian K,abcdefu,427nxMDu8gwqaZaYY1xaLw
Can't Feel My Face,Blaze U,Can't Feel My Face,3UPSpQWfyMUVP77KtE4LvD
Just Dance,Ascence,Just Dance,4yYe5mtooBHbDodn83g35p
Love Me Like You Do,Robbe,Love Me Like You Do,6sz6dOKU29pGniaB9iLOKw
Speechless,DJ Blighty,Speechless,4DxxysIl5qu8kdQb4s14ya
Cherry Chapstick,SP3CTRUM,Cherry Chapstick,7k5I4kPM8G9Bs207bYikhT
Day 'N' Nite,NOTSOBAD,Day 'N' Nite,3wDmea2OwL6Be7W0Nz2fwS
Afterglow,Bisken,Afterglow,3ymoAJAHHNXQvEgeQOpI6r
Balanciaga,Dame Dame,Balanciaga,4VtD3s8Ii7KxKd4mkKo8Mh
Habits (Stay High),PASSIK,Habits (Stay High),6539QTO8vqA8ogxaChmbnK
How to Save a Life,Mannymore,How to Save a Life,6tfrQe24NPPZxsxdDkfxKU
Acapulco,Jason Derulo,Acapulco,3eJH2nAjvNXdmPfBkALiPZ
Light Switch,Steve Kroeger,Light Switch,6bMBrQsYTNIudog8j3tVcq
Let It Rain Down (feat. PollyAnna),Alle Farben,Let It Rain Down (feat. PollyAnna),2thqF2hKNMubZksfpRvuNF
Say It Right,Sunlike Brothers,Say It Right,1gp5duHgfMo109C6CHsudO
Rabbit Hole,LUNAX,Rabbit Hole,1okz0plcLFh3AqBoOKmui4
Counting Stars,JANFRY,Counting Stars,3Ibj9W84ge1mFktsH5k5jB
As It Was,KEES POP,As It Was,5hqWTF9dKQ54T5WsfTdYme
The Rhythm Of The Night,Mert Can,The Rhythm Of The Night,4oyDpEA7ZirAL2uLOKIF6c
Control,Engstrom,Control,4Pm7FKDfABXIwn21345mTb
Do It To It,KERTSCHER,Do It To It,1lZeuFpDG8gUYvPb7Vw7tr
Every Breath You Take,Kilian K,Every Breath You Take,5BtU09A7QgMzP3j3cokVvL
Enemy,Theodor Rosenberg,Enemy,10jULQ7v0FBHh8W2LMZYsJ
Butterfly,LANNÉ,Butterfly,2kCcvWpTKvKH9JLyioUAr0
Summertime Sadness,EQRIC,Summertime Sadness,11b0w0DtuYQILoK1JYGqmI
I Kissed A Girl,Sunlike Brothers,I Kissed A Girl,0KZ3rYFSmd5l0eBoAhf5aO
No Matter What - LANNÉ Remix,Iggi Kelly,No Matter What (LANNÉ Remix),3EKuA7XoKLXcK0C8cvQuYJ
Your Love (9PM),ATB,Your Love (9PM),5YaskwnGDZFDRipaqzbwQx
Don't Be Shy,Tiësto,Don't Be Shy,0bI7K9Becu2dtXK1Q3cZNB
Can't Get You Out Of My Head,MEYSTA,Can't Get You Out Of My Head,6NLPp1ayWgQehb0x1iulpk
Rooftop,LUNAX,Rooftop,21LTZZP3cRDzVFKmvDEtZt
100 Models,BASTL,100 Models,3E1k7QyWJWN30UnTgfiK4I
Stay - Ben Rainey Remix,Yaman Khadzi,Stay (Ben Rainey Remix),4YmvHkfY6iJ7N9ieTjRErY
Saviour,R3YAN,Saviour,4yoe37MAwBAKrr58OpKc3q
Frozen,Sandëro,Frozen,0oz5Meupgpje87RXjYXyCH
Safe & Sound,KEES POP,Safe & Sound,0dWnNnAddRSUum14iI1nOF
Don't Stop The Music,Max Fail,Don't Stop The Music,6HEdItoMo1ohpQub1EBqdJ
Drive By,Marco Nobel,Drive By,6VlxEmdgQWA8LifowgVSky
Rise Up,VINAI,Rise Up,7sQsrWrilvMkzkJSQ6mzGc
Love Is Gone,Neptunica,Love Is Gone,4fkFsB17kyzq27QhOVt19V
All Good Things (Come To An End) - Nelly Furtado x Quarterhead,Nelly Furtado,All Good Things (Come To An End) [Nelly Furtado x Quarterhead],0cgwBauQ20B1nVedvGxUQs
Already Gone,Klaas,Already Gone,17R5hvs1krffl3SAVtkY8B
Chances,Haddaway,Chances,1KoUShiZvG7vvJ2zSj8GYN
Really Love You (feat. Afrojack),Shiah Maisel,Really Love You (feat. Afrojack),1wucn8aJEKQdHeMV7pUK7D
Greenlight (feat. Louis III),Tobtok,Greenlight (feat. Louis III),3z7rdAiRbZop7aGTIu5wdd
Lemon Tree,Alle Farben,Lemon Tree,6sGeBxS4PIEtZdWpgdnitV
I Will Survive,DJSM,I Will Survive,0KoW1PY9buChvWjZFWzPAf
Do It To It,ACRAZE,Do It To It,20on25jryn53hWghthWWW3
Bad Habits,Kilian K,Bad Habits,0kUbZb8T5v5sXV412UsIaS
Lady,LANNÉ,Lady,5MZtSCAvjvCoUbJ0a9ljum
Mind,LANNÉ,Mind,4nQoIJifefFTX58a0tsqPZ
If It Isn't Love,Séb Mont,If It Isn't Love,2HvPSXKbYvOHXFVYtqLJD8
Firework,Micano,Firework,7uO0We4K95IW8xNtA1azjN
Goodbye,Seb Wiggins,Goodbye,10HGjD3kyPU7otxkl5FPE7
Believe,Oli Harper,Believe,4fgER9sZxzvxzGdOlZ5wNl
My Heart Goes (La Di Da) (feat. Topic),Becky Hill,Only Honest On The Weekend,2dWNKXTs5z7Iu1g0kYh4Xe
Where The Lights Are Low,Toby Romeo,Where The Lights Are Low,0Cnb8XdGDMHAmIRBUJMkIS
How To Save A Life,MEYSTA,How To Save A Life,5yZ4hq9X2vSJbttfWJmRst
I Took A Pill In Ibiza,Luke Madness,I Took A Pill In Ibiza,4Y9RuzPwu2LcnecTUnjfHp
Anywhere With You,AFROJACK,Anywhere With You,3wfNiPBrzDwuanE75Ar6pS
Firework,Kanslor,Firework,2417EfBOGAGZ8ycuNdMZph
Paradise (feat. Dermot Kennedy),MEDUZA,Paradise,6ft4hAq6yde8jPZY2i5zLr
Crazy,Alfons,Crazy,0sw84StiWvPqWMxAQ1eMet
Young Right Now,Robin Schulz,Young Right Now,0JpEMzTHbt2zBIXrntrXzG
OUT OUT (feat. Charli XCX & Saweetie),Joel Corry,OUT OUT (feat. Charli XCX & Saweetie),6Dy1jexKYriXAVG6evyUTJ
Rise Up (feat. Vamero),VINAI,Rise Up (feat. Vamero),46lyJh9GYmWsHez3EsvmAx
Down,LANNÉ,Down,6X9ccWOZdOE3LqDAkUnsHU
Dynamite,ILIRA,Dynamite,3HqQpSTLHJRKDhulVacRFb
Lethal - Klaas Edit,BIGMOO,Lethal (Klaas Edit),4us2gTVHHyus0IACdWnuDw
Get Busy,ZERO SUGAR,Get Busy,6gM54j46ke13qCdC6KOmWY
Sweet Dreams,Kilian K,Sweet Dreams,4LDoyXmJlu6X8WLutvZ0n1
Little Darling (feat. Maxiz),Cuebrick,Little Darling (feat. Maxiz),5TdauAW73xRq7YP5pxPPlb
She Doesn't Mind,MEYSTA,She Doesn't Mind,24ndefOQebzR8wOJaAZTjR
Love Again (feat. Alida),Alok,Love Again (feat. Alida),63bWXWGcWnRQvdS8bJWdkB
Cold Heart,KALUMA,Cold Heart,4y0ttsZl7bXSsfxNhNIOlT
Havana,Kilian K,Havana,4Guqby6TkVXNIOJWSVeeUn
Tonight (I'm Lovin' You),Kilian K,Tonight (I'm Lovin' You),47gk2DKARbcjyWQVZznuqu
Nirvana,LANNÉ,Nirvana,20zTb6lu1t257GDy8LFDWK
Way Back Home,VIZE,Way Back Home,6GWRcf3yBx3Y7pSScXoxGk
American Boy,Dame Dame,American Boy,4IWsk5QVTNi51QhsNEwyXM
abcdefu,KEES POP,abcdefu,7ltRECxCkm7T52z3myWy6o
I Swear - YouNotUs Club Mix,YouNotUs,I Swear (YouNotUs Club Mix),0BF7F0nE0v2UKQxAnTf2Cv
I Like U,Lucky Luke,I Like U,0OukqYh1kgvROXX98hqsd1
Oh My God,XLC,Oh My God,4rxIR58GXWuJnigB9nlUWZ
Outside,Kilian K,Outside,61b813co4TgCBZAee47AZx
The Motto,Tiësto,The Motto,18asYwWugKjjsihZ0YvRxO
Umbrella (with Marnik),Hard Lights,Umbrella (with Marnik),20PbUoGyGk7jJgLAgqlauh
Maniac,Sound Of Legend,Maniac,6rg7j8ig8msX7THtUH7Kxa
Goodbye,Imanbek,Goodbye,4crczEC1PpoD8TsDsmoWNI
Piece Of Your Heart - Alok Remix,MEDUZA,Piece Of Your Heart (Alok Remix),6iW38RGqdDGOofmz2HeXLW
Anytime,Phil The Beat,Anytime,58VgSGe9D9xz3BSvY9Gpua
Smack That,Akon,Konvicted,3qKGvSu1inEZKwYQnMavNA
Just Lose It,Eminem,Encore (Deluxe Version),0qcjuYtMWhBjXg0Xwt5SzS
Cinderella Man,Eminem,Recovery,4SE4yewyGpOYfxfx59Yjc5
Shake That,Eminem,Curtain Call (Deluxe),6KqKg8IPuvtDB3PNAvffFf
Like Toy Soldiers,Eminem,Encore (Deluxe Version),6CN3e26iQSj1N5lomh0mfO
My Name Is,Eminem,The Slim Shady LP,75IN3CtuZwTHTnZvYM4qnJ
Beautiful,Eminem,Relapse,7n8UWYTawkrcC1KBsY5XRc
Forgot About Dre,Dr. Dre,2001 (Explicit Version),0Zh5U48tZNeAzzLTV1CVBE
Cleanin' Out My Closet,Eminem,The Eminem Show,7BMO7O7ImjV8HNTH74Tshv
I Need A Doctor,Dr. Dre,I Need A Doctor,1aUT4xl8iiYNr6emik4qTB
The Way I Am,Eminem,The Marshall Mathers LP,23wfXwnsPZYe5A1xXRHb3J
River (feat. Ed Sheeran),Eminem,Revival,5UEnHoDYpsxlfzWLZIc7LD
Stan,Eminem,Curtain Call (Deluxe),4QVOTT9CM2ftSLwnYGNDjd
Not Afraid,Eminem,Recovery,4hEl2wrneFEJbJ6SDYWd2f
When I'm Gone,Eminem,Curtain Call (Deluxe),2ye824NM1m7Nc2UPXtwZjL
Mockingbird,Eminem,Curtain Call (Deluxe),17baAghWcrewNOcc9dCewx
Without Me,Eminem,The Eminem Show,06wOQGz4bGB7HETrIjpIep
Rap God,Eminem,The Marshall Mathers LP2 (Deluxe),6sDQ4uiWw9OdVrCXFLSlZt
The Real Slim Shady,Eminem,The Marshall Mathers LP,3yfqSUWxFvZELEM4PmlwIR
'Till I Collapse,Eminem,The Eminem Show,6yr8GiTHWvFfi4o6Q5ebdT
"Lose Yourself - From ""8 Mile"" Soundtrack",Eminem,Curtain Call (Deluxe),7w9bgPAmPTtrkt2v16QWvQ
Venom - Music From The Motion Picture,Eminem,Kamikaze,2SL6oP2YAEQbqsrkOzRGO4
Kamikaze,Eminem,Kamikaze,2gsNpSn7VvvJuSrIDfRoYy
Not Alike (feat. Royce Da 5'9),Eminem,Kamikaze,28FGV3ORH14MYORd7s5dlU
Stepping Stone,Eminem,Kamikaze,60Z57Wdrn0pEVpHI7d7GAX
Godzilla (feat. Juice WRLD),Eminem,Music To Be Murdered By,7FIWs0pqAYbP91WWM0vlTQ
In Too Deep,Eminem,Music To Be Murdered By,7Dj2wqPYXfSRFwa6qyOztr
Dead Eyes,Promoting Sounds,Dead Eyes,7BdlyzVvOqmwPH9dYtZfsx
Don't Know Love,J-Wright,Don't Know Love,6MjNwhuXUVxXKqsqzg1DCa
Lonely,Gabry Ponte,Lonely,7ryJyehFNHET2LMw2BLO0h
The Business,Tiësto,The Business,6f3Slt0GbA2bPZlz0aIFXN
Goosebumps,HVME,Goosebumps,20McUFi8KCIVdNDLrkTDuZ
Astronaut In The Ocean,Crystal Rock,Astronaut In The Ocean,1xOgDZRSKEHZXAdVkT0GJE
